{
  "id": "4314100",
  "name": "高级网页设计",
  "font_family": "iconfont",
  "css_prefix_text": "icon-",
  "description": "",
  "glyphs": [
    {
      "icon_id": "100629",
      "name": "警铃",
      "font_class": "weibiaoti2",
      "unicode": "e640",
      "unicode_decimal": 58944
    },
    {
      "icon_id": "162882",
      "name": "设置",
      "font_class": "shezhi",
      "unicode": "e602",
      "unicode_decimal": 58882
    },
    {
      "icon_id": "577336",
      "name": "反馈",
      "font_class": "fankui",
      "unicode": "e738",
      "unicode_decimal": 59192
    },
    {
      "icon_id": "577360",
      "name": "身份",
      "font_class": "shenfen",
      "unicode": "e74d",
      "unicode_decimal": 59213
    },
    {
      "icon_id": "5222087",
      "name": "墨镜",
      "font_class": "mojing",
      "unicode": "e609",
      "unicode_decimal": 58889
    },
    {
      "icon_id": "9666182",
      "name": "关于",
      "font_class": "guanyu",
      "unicode": "e603",
      "unicode_decimal": 58883
    },
    {
      "icon_id": "11495052",
      "name": "消息",
      "font_class": "xiaoxi",
      "unicode": "e66c",
      "unicode_decimal": 58988
    },
    {
      "icon_id": "18099202",
      "name": "手册",
      "font_class": "shouce",
      "unicode": "ef0e",
      "unicode_decimal": 61198
    },
    {
      "icon_id": "18164568",
      "name": "靶心,命中,精准分析",
      "font_class": "hit",
      "unicode": "e860",
      "unicode_decimal": 59488
    },
    {
      "icon_id": "27938688",
      "name": "六边形",
      "font_class": "hexagon",
      "unicode": "e604",
      "unicode_decimal": 58884
    },
    {
      "icon_id": "1228",
      "name": "首页",
      "font_class": "shouye",
      "unicode": "e600",
      "unicode_decimal": 58880
    },
    {
      "icon_id": "201228",
      "name": "3.1我的",
      "font_class": "31wode",
      "unicode": "e601",
      "unicode_decimal": 58881
    },
    {
      "icon_id": "300364",
      "name": "清单",
      "font_class": "qingdan",
      "unicode": "e615",
      "unicode_decimal": 58901
    },
    {
      "icon_id": "1002350",
      "name": "权",
      "font_class": "icon-copy",
      "unicode": "e62c",
      "unicode_decimal": 58924
    }
  ]
}
