{
  "id": "4314100",
  "name": "高级网页设计",
  "font_family": "iconfont",
  "css_prefix_text": "icon-",
  "description": "",
  "glyphs": [
    {
      "icon_id": "1228",
      "name": "首页",
      "font_class": "shouye",
      "unicode": "e600",
      "unicode_decimal": 58880
    },
    {
      "icon_id": "201228",
      "name": "3.1我的",
      "font_class": "31wode",
      "unicode": "e601",
      "unicode_decimal": 58881
    },
    {
      "icon_id": "300364",
      "name": "清单",
      "font_class": "qingdan",
      "unicode": "e615",
      "unicode_decimal": 58901
    },
    {
      "icon_id": "6527116",
      "name": "清单",
      "font_class": "qingdan1",
      "unicode": "e645",
      "unicode_decimal": 58949
    },
    {
      "icon_id": "1002350",
      "name": "权",
      "font_class": "icon-copy",
      "unicode": "e62c",
      "unicode_decimal": 58924
    }
  ]
}
